{
  "$schema": "https://schemas.wp.org/trunk/theme.json",
  "title": "Blue",
  "version": 2,
  "settings": {
    "color": {
      "palette": [
		{
			"color": "#D92D55",
			"name": "Accent",
			"slug": "accent"
		},
		{
			"color": "#ED8E29",
			"name": "Secaccent",
			"slug": "secaccent"
		},
		{
			"color": "#8C8C8C",
			"name": "Thirdaccent",
			"slug": "thirdaccent"
		},
		{
			"color": "#ffffff",
			"name": "Fourthaccent",
			"slug": "fourthaccent"
		},
		{
			"color": "#fff",
			"name": "Background",
			"slug": "background"
		},
		{
			"color": "#f5fafd",
			"name": "Fourground",
			"slug": "fourground"
		},
		{
			"color": "#EBE8FA",
			"name": "Secbackground",
			"slug": "secbackground"
		},
		{
			"color": "#000000",
			"name": "primary",
			"slug": "primary"
		},
		{
			"color": "#fff",
			"name": "Secondary",
			"slug": "secondary"
		},
		{
			"color": "#121212",
			"name": "tertiary",
			"slug": "tertiary"
		}
	]
    }
  }
}
